F1,F2,F3,F4,F5,F6
97.24993590000001,-26.887898800000002,-75.42752829999999,3.84659436,540.155142,27.0077571
77.060985,-4.90903041,-35.7317016,4.32362206,-322.633784,-16.1316892
-19.0311488,-56.8260254,-57.59564399999999,-2.82162937,128.2111,6.41055501
25.428698,-95.0436696,38.909845700000005,0.646538176,-16.8210375,-0.8410518770000001
-22.9088026,-4.33977568,52.247681799999995,4.33820187,469.558759,23.477938
69.5721758,-50.2970689,-30.3610277,2.44086997,314.5162,15.725810000000001
5.36971393,-2.75289887,50.6908143,-3.45931024,-52.2388018,-2.61194009
61.4807307,-84.85615340000001,49.79866079999999,2.33705876,-577.7956280000001,-28.8897814
-21.3006985,-74.5337273,-71.1551475,3.97998056,385.688597,19.2844299
92.3468134,-60.3802744,-30.783675199999998,4.29001432,-66.3559628,-3.31779814
-93.9758812,-61.2062905,-43.0009508,2.37393205,138.51881799999998,6.92594089
90.7459868,-53.7911755,-20.0881185,3.22497678,350.324445,17.516222199999998
42.87698029999999,-4.57308692,71.52725629999999,-0.0235744413,506.17556500000006,25.3087782
29.309646299999997,-28.6852174,48.019962799999995,4.62738597,285.848695,14.292434699999998
-10.6695485,-87.2537679,-46.027679799999994,4.61343549,-388.480627,-19.4240313
-65.0746178,-56.4848665,-8.16344127,0.994722897,-113.15254399999999,-5.65762722
67.04941629999999,-50.7874155,-40.9756443,1.61013772,522.563639,26.128181899999998
94.0187703,-42.895373299999996,-13.827357699999999,-4.72534652,500.28532800000005,25.0142664
-73.0050202,-78.4957806,35.816572,-2.69746521,-107.675752,-5.38378758
-49.802198499999996,-76.6281757,57.1377877,1.03554784,472.379437,23.6189719
82.001425,-47.8062052,58.585383799999995,-3.20479348,-530.530434,-26.5265217
35.2931827,-78.91999859999999,-17.4123158,3.80570384,-176.55824099999998,-8.82791207
24.6321492,-65.5326007,27.2877853,-2.67825377,375.799797,18.7899898
2.44313747,-55.2895873,-62.562363600000005,-3.22904694,-588.166439,-29.408322
-99.3034509,-6.8978558,-28.8169195,4.41155072,-433.330942,-21.666547100000003
-54.622338799999994,-31.4640357,-86.5286353,0.715887954,-356.681738,-17.8340869
95.69145809999999,-22.1279746,48.2926182,-4.42193783,-361.533909,-18.0766954
72.25048079999999,-71.8624828,-7.58193514,1.4915945,124.550975,6.22754875
-97.1229552,-55.5974057,-82.1596383,0.7388651540000001,-273.37449,-13.6687245
-2.84462702,-47.0139499,-72.07887190000001,2.17939203,-361.422879,-18.0711439
-16.719407,-75.0272708,82.2463754,-3.27775808,-581.671288,-29.083564399999997
54.5804836,-72.1298127,19.5846398,2.78361458,296.142812,14.807140599999999
-2.37049345,-50.3687181,-45.5857432,3.59618722,-65.8842813,-3.29421406
4.51291385,-62.9944866,77.31349809999999,-4.71920146,518.177494,25.908874700000002
56.4098858,-96.7717923,-12.612962199999998,0.517372119,-40.80679,-2.0403395
18.245869600000002,-81.6050714,-81.1844619,-3.60436016,-97.6206387,-4.88103194
-74.7214448,-96.6276561,72.8781579,-3.20398391,415.46570099999997,20.773285100000003
-78.05614659999999,-53.3360997,86.082181,0.46834594,30.1829956,1.50914978
32.5810776,-60.0555145,28.4006518,-2.03018572,-356.823171,-17.8411585
99.418623,-63.2019721,40.853066299999995,-0.398476228,206.564962,10.3282481
-30.763811699999998,-5.80914325,-2.04659283,-3.77110778,405.74213399999996,20.2871067
-64.7890969,-72.1220478,33.4408696,4.9680342,-576.432583,-28.8216292
-86.4222077,-21.8690784,-24.6705935,4.32145012,217.532594,10.876629699999999
-38.1208227,-48.6313848,-17.8206498,3.35468721,-144.622778,-7.23113892
-33.0480404,-2.33450367,2.58348735,-4.86572423,398.155221,19.907761100000002
-24.7664865,-82.18599209999999,-81.8081952,4.83206726,3.3754608,0.16877304
90.4413663,-13.8641646,88.44454520000001,0.21250489600000003,251.365671,12.568283599999999
43.8641023,-68.0746551,-34.2703639,-4.27497782,-85.32916159999999,-4.26645808
55.8684871,-37.0496842,-43.8351305,3.68403046,-234.45916,-11.722958
23.5317323,-83.464764,19.818599399999997,4.78742874,-372.415503,-18.620775100000003
29.8476668,-6.15648729,-9.54309784,-4.08430713,-367.882612,-18.3941306
51.2566609,-47.898165000000006,-14.6809744,3.42023681,218.66786800000003,10.933393400000002
-70.43316209999999,-39.7919214,-15.868457500000002,-2.35468324,-236.682719,-11.834136
19.8907355,-29.8566265,38.530190000000005,1.2421677,50.008624700000006,2.50043123
79.72173790000001,-2.49636283,-71.49995990000001,0.486737804,-418.952429,-20.9476214
-65.6134289,-48.405249700000006,-21.569005999999998,-2.25401846,237.47817799999999,11.8739089
63.7856216,-40.466287799999996,45.441091,-3.34869932,-145.95239899999999,-7.29761997
-86.1412483,-95.2986591,-63.1493169,2.67696967,432.01392599999997,21.600696300000003
91.13745240000002,-1.70859724,28.958834200000002,-0.529569767,424.386157,21.2193078
-36.5324325,-45.7980659,-47.3502406,-3.83108806,112.27549499999999,5.61377475
-98.95976529999999,-58.6094391,40.970299,3.02184177,-4.13706036,-0.206853018
51.98710139999999,-92.3829385,-43.4642047,-3.09146212,479.72301,23.9861505
-38.264036,-44.5034197,-5.48808497,4.19477293,385.954993,19.297749600000003
43.051134999999995,-16.8350937,64.35261,-1.34881226,173.892461,8.69462305
-83.8104964,-66.68654029999999,60.0143201,3.46887851,381.569209,19.078460500000002
69.1755848,-76.668899,-4.32413237,3.06580511,192.273068,9.61365339
43.6752407,-82.2534329,-28.775781,0.269274327,-189.63525800000002,-9.4817629
74.07859959999999,-3.454253,7.59854706,-1.12314391,-252.328925,-12.6164462
74.4319385,-32.7788835,11.0704849,2.34127029,-190.567717,-9.52838584
52.312644799999994,-83.30193879999999,76.53919029999999,0.286291155,40.8948212,2.04474106
33.8912918,-32.58334910000001,-40.6093135,2.4200549,272.53586,13.626793
80.4056542,-53.1349432,-36.7845025,3.49876056,-228.851808,-11.4425904
64.292464,-83.3978635,20.2582357,1.38995775,406.195254,20.309762699999997
66.5314539,-79.5097177,70.31500799999999,0.11681844599999999,81.6869532,4.08434766
27.983586699999996,-60.14133670000001,38.600797299999996,-4.67812331,-155.503732,-7.7751866
-68.7591355,-21.132267199999998,-53.7299416,-2.17060403,243.287896,12.1643948
56.6335889,-93.0562792,-70.52958220000001,4.15902718,55.8853822,2.79426911
46.281079600000005,-62.182012,42.845762799999996,3.48530828,-66.1437544,-3.30718772
12.946392,-52.4527087,47.1641158,3.24522547,233.480689,11.6740344
44.6698519,-54.6589662,-39.78419279999999,-4.37165924,145.572157,7.27860785
-52.052380799999995,-17.6611992,62.13929770000001,4.69947407,353.785296,17.6892648
-2.02829332,-45.082128999999995,22.3895552,3.86886805,548.212138,27.410606899999998
-15.2794639,-77.85895759999998,21.900723499999998,2.64071861,27.1084189,1.35542094
59.135510399999994,-12.2436033,81.8808259,1.85826681,456.170649,22.8085324
52.6819969,-79.71068609999999,-36.825631099999995,4.70938101,-392.45263,-19.6226315
-52.222238899999994,-2.68646967,23.7276513,-0.133412024,575.696276,28.784813800000002
27.021865999999996,-65.7949898,5.63297534,-4.2485954,-274.26329,-13.7131645
-53.6909573,-50.4507634,66.8098414,-0.455854671,-297.20478399999996,-14.860239199999999
23.1876362,-99.6460271,15.202144899999999,1.14761345,450.89027999999996,22.544514000000003
-46.2990895,-62.49177679999999,18.4737481,1.14068904,284.767186,14.238359299999999
98.2426296,-49.910548299999995,-2.1328171,4.21912724,-436.177509,-21.8088755
52.0637747,-48.1585876,79.67687959999999,0.751804186,-585.891975,-29.294598800000003
-3.5665261,-38.427901399999996,-27.625260100000002,-0.37611153799999997,472.67755999999997,23.633878
89.0400672,-24.6121859,-54.0557365,-1.27392865,-361.034319,-18.051716
-27.852346100000002,-83.4068843,-72.34202640000001,-0.45903032899999996,-241.532385,-12.0766193
-83.1217928,-98.2116294,27.380777399999996,-2.23822071,193.731092,9.68655458
89.70270649999999,-34.456776500000004,19.0741038,-4.85371159,-258.709692,-12.935484599999999
38.1654977,-29.0359742,55.9939064,4.58196912,-36.930857700000004,-1.84654289
23.1017174,-96.37996109999999,-6.8838358,1.17987249,-522.262652,-26.1131326
78.9956118,-84.0633173,-73.1304258,2.25731722,586.001926,29.3000963
-97.4923578,-33.559125200000004,-71.51486750000001,-0.74687227,99.3500179,4.96750089
-39.8175924,-93.5933687,67.4179623,-4.32996373,-91.8044918,-4.59022459
93.0161515,-48.95376470000001,-79.063926,-2.96893945,18.614102600000002,0.9307051279999999
-79.5818936,-20.305741,62.5027939,-0.938212547,-199.258224,-9.9629112
19.2043452,-67.61046540000001,-8.26048123,-3.7653898,-80.5120847,-4.02560423
-6.20446461,-75.64716440000001,-45.3274159,-1.7128774,-328.860158,-16.4430079
43.4651279,-28.818734399999997,87.94455450000001,-1.51746149,95.7682479,4.78841239
71.77418670000002,-82.19049040000002,11.577228999999999,-4.93855085,312.438012,15.6219006
-62.8803181,-53.9724851,-50.3043803,0.328590605,35.7877401,1.789387
-7.52500588,-11.0851276,67.9514939,0.35387436,168.631799,8.43158994
80.65995190000001,-25.340833399999998,40.9614564,1.53559437,-349.116715,-17.455835699999998
-95.5790983,-8.94174657,63.555180799999995,2.60413811,-144.21795600000002,-7.21089778
52.081230700000006,-83.5709449,-58.01790989999999,3.42795224,339.99438,16.999719
59.1704,-30.490164299999996,7.25442085,2.22916382,217.014902,10.8507451
-37.2298187,-84.93503929999999,-5.0068351,-3.71913189,-46.685848,-2.3342924
-52.8349606,-1.87041652,41.83101129999999,-0.22131588,81.39445490000001,4.06972275
-1.10964319,-6.62615991,86.5074983,4.38097088,353.052782,17.652639100000002
37.0508912,-23.0726147,30.028072899999998,-0.563225691,-528.9808879999999,-26.449044399999995
88.9267388,-14.694323,32.9643653,-2.55842175,123.442903,6.17214514
-12.1376164,-63.2474672,67.57083459999998,-3.82576797,-539.6774360000001,-26.9838718
-0.513129507,-21.1003328,1.38477,-1.94916916,-101.550167,-5.07750837
-80.2764153,-15.2030361,-5.77927129,-0.748881969,-234.001588,-11.700079400000002
10.887503,-64.3254704,-45.9279147,-2.84791686,449.24060599999996,22.462030300000002
-12.8611361,-98.1910266,11.88518,0.385548633,-581.9886019999999,-29.099430100000003
-63.747085399999996,-65.99248370000001,46.9303729,-3.78648333,321.54046800000003,16.077023399999998
-69.2376377,-46.1383198,-27.8695841,-0.904206017,565.013927,28.2506964
86.7458757,-94.926376,-9.44152328,1.28684102,588.099111,29.404955600000005
-72.74687800000001,-94.16224790000001,2.84194196,3.71425952,346.634031,17.3317015
99.70899940000001,-25.4382582,-61.678101600000005,0.473054705,-73.6097595,-3.68048797
38.1241252,-33.5491121,86.5580976,-4.56220127,-2.02643586,-0.10132179300000001
92.2084912,-91.1992066,-36.2243098,-4.21045148,-343.244002,-17.162200100000003
55.10030129999999,-90.3906538,-62.1715908,-1.17246189,172.190745,8.60953727
-99.85517320000001,-21.8092564,78.43288359999998,3.70743639,-215.957307,-10.797865400000001
-34.905717700000004,-13.3657296,31.295078399999998,-1.77569501,552.11832,27.605915999999997
8.82072628,-73.64905490000001,-12.976191900000002,2.71998368,271.95812,13.597906
-38.6987362,-31.8556354,59.905575899999995,1.3104378,-105.65615,-5.28280751
34.540778,-34.2032796,-59.161827,2.94006004,293.47893999999997,14.673947
-30.8573357,-95.13924399999999,-10.6844246,4.60748302,-278.463299,-13.923165
96.1198833,-89.58382929999999,45.439479,-4.78040112,-72.0908285,-3.60454143
-29.206338,-2.61097937,20.7892524,-3.88054742,520.0561299999999,26.002806500000002
-96.09690429999999,-85.20204809999998,-44.2495674,-3.16423798,219.99878900000002,10.9999395
62.5504103,-7.76213216,-26.9265908,4.25616461,-344.928163,-17.2464081
96.5628875,-83.62358940000001,20.3422712,1.68222267,407.085888,20.3542944
-37.6328384,-82.1247434,-29.209592200000003,-0.138105355,154.54152,7.727076
-24.218313600000002,-14.0313856,24.4785722,3.36761601,-439.47270199999997,-21.973635100000003
49.605889399999995,-4.00160674,2.98879525,-0.550932205,-351.44072400000005,-17.5720362
-11.433984599999999,-40.9823597,3.5164003,-0.022046281600000002,128.638733,6.43193667
-80.02169980000001,-96.82949509999999,22.7608581,-0.026559982599999997,155.865419,7.79327093
98.5244903,-44.841456799999996,80.8539699,-1.69475374,-155.427809,-7.77139044
7.25239185,-19.4699271,-49.77293220000001,3.72195059,90.1773349,4.50886674
-73.0904064,-95.8854661,89.03572309999998,2.22329544,-58.290207900000006,-2.91451039
-73.73999909999999,-61.717042799999994,67.9329455,3.90542964,-547.32561,-27.3662805
72.798736,-31.131541700000003,22.670345,-2.05518763,-567.377852,-28.368892600000002
41.654497,-8.7700033,-51.8619051,-0.484070416,-224.777942,-11.238897099999999
99.6481395,-78.0533444,74.7973963,0.876817284,-584.5649099999999,-29.2282455
63.1513833,-68.61747829999999,-65.834778,-3.51409861,-139.23925400000002,-6.96196269
56.447973,-27.8106962,84.2517102,2.89971772,219.739161,10.986958099999999
52.7231498,-14.004099599999998,21.5830938,3.95767066,-488.589046,-24.4294523
80.9950485,-30.918899,25.3387468,-4.89211058,-557.594011,-27.8797006
-79.3756258,-23.1002229,-87.5575027,-1.07864128,134.874578,6.74372888
-57.6579249,-91.255673,52.1159327,0.484405419,130.248433,6.51242167
70.21772370000001,-75.3871404,71.9199715,-1.67248405,-581.088218,-29.0544109
48.5930321,-63.102227799999994,-89.6079248,-3.17537268,-580.3740799999999,-29.018704
-18.985799899999996,-44.305735399999996,2.94052746,-2.3094314,-371.91049300000003,-18.5955247
-38.9916375,-34.2510424,22.396879199999997,1.18631621,104.302166,5.21510831
-5.16100517,-18.0669173,-42.2659351,-3.64351633,-530.902692,-26.5451346
-71.05246679999999,-51.1922253,-18.1832953,0.0602518769,-158.918353,-7.94591767
-1.13196998,-90.6854623,85.97309659999999,-4.56830093,157.741398,7.88706988
6.02484762,-86.06307290000001,-35.3326647,2.34381005,261.161306,13.0580653
2.04848517,-4.81855428,12.015922300000001,-1.8286554,231.20327400000002,11.560163699999999
-54.5061691,-15.2397763,-51.097984600000004,-1.00758044,-499.105127,-24.9552564
86.99878290000001,-46.0368795,-65.6270856,-1.60036918,-54.7738203,-2.73869101
3.53841682,-70.2267083,86.1516196,2.16578693,-69.8060437,-3.49030219
-8.1478192,-58.01095970000001,-51.420419700000004,0.919807843,-176.099454,-8.8049727
55.347598,-66.1159102,-65.5582762,3.4861267,-415.672365,-20.7836182
46.7606492,-93.642216,-80.5206493,-4.78607069,210.77357999999998,10.538679
20.476384799999998,-96.5772484,-42.3650281,1.27625784,239.05599300000003,11.952799699999998
-88.6141939,-34.858608700000005,46.3178,3.51605119,273.01095499999997,13.6505478
-85.5993602,-44.1578467,-11.5753501,1.62042986,-25.938742899999998,-1.29693714
27.136327,-73.25986209999999,1.19846509,4.6973402,65.8103836,3.29051918
75.26676450000001,-35.234616100000004,-0.949746645,4.25837089,-454.74346399999996,-22.737173199999997
-14.5041114,-50.4258625,-73.04236350000001,1.95177258,-59.0952708,-2.95476354
41.6806839,-56.9787235,84.81781579999999,-2.42143982,259.059538,12.9529769
-85.961976,-8.55074935,-13.5179848,-0.0075010856099999995,471.40993,23.5704965
-96.1869677,-0.5051333,-41.3657239,-3.90520528,-272.277036,-13.6138518
1.66197114,-29.0256175,78.3450425,-0.33199366399999997,-294.27684500000004,-14.713842300000001
73.8811984,-19.1264773,-50.2651575,3.87190546,438.72417300000006,21.9362087
59.7098024,-11.5264165,-55.8685158,1.66043989,-321.179555,-16.0589778
59.846811200000005,-47.4334766,-39.4928161,3.81326124,365.846093,18.2923046
-60.77733979999999,-55.3785859,31.3307249,4.89439319,490.077052,24.503852600000002
42.87487479999999,-5.71404001,17.6769595,3.52166329,-321.72681800000004,-16.0863409
-56.9983149,-43.2404053,-20.0075622,-0.45727792899999997,-312.824923,-15.641246100000002
57.301484200000004,-26.2922293,78.4517426,-3.16292175,-540.294619,-27.014731
-65.5704947,-25.0491408,58.8494623,-0.422689828,-505.93910999999997,-25.2969555
-58.770554000000004,-76.2569332,-80.7704259,-1.58827899,168.978492,8.44892459
-7.10516181,-65.7732015,58.9863782,3.59818658,-370.936116,-18.5468058
-85.094699,-4.80801076,-20.194737399999998,1.64418839,412.64339900000004,20.6321699
19.316101999999997,-19.061293399999997,-9.76774877,4.51803428,-391.319702,-19.565985100000002
-61.8019064,-90.5619878,-88.34912259999999,4.61474947,-395.048624,-19.7524312
86.96347320000001,-40.1156412,-39.56654879999999,2.20988508,593.154589,29.6577294
-38.497498799999995,-31.720871999999996,-37.4368774,-2.57100317,-72.25097170000001,-3.61254858
-7.621576,-26.223831899999997,-12.6201784,2.31496349,-191.942461,-9.59712307
65.9506566,-47.9917045,36.2405575,-2.49207945,-222.939227,-11.1469614
-39.9724988,-44.78147,-88.13564129999999,2.17648971,-161.905936,-8.09529678
41.9239703,-65.0322961,-47.3406007,-1.64492421,-128.112539,-6.40562693
-85.0797851,-95.1980897,-17.7343442,-4.67714934,109.830244,5.49151222
50.0431626,-47.3134811,-74.2155427,-3.2995698,-456.30405999999994,-22.815203
-6.21891962,-11.6051743,69.0382688,-2.22847982,-554.245444,-27.7122722
88.982793,-19.5080049,-11.427770800000001,-4.08906437,-49.6824544,-2.48412272
-97.2052204,-8.61518848,-34.4177723,2.54297745,443.84082,22.192041
-89.16023100000001,-69.4338546,58.366233799999996,2.5894213,521.083823,26.0541911
47.6897734,-76.2323652,33.7488356,3.82610842,-282.661001,-14.13305
27.113016100000003,-21.062545800000002,5.47451494,1.71198755,-407.639593,-20.3819796
86.1944392,-71.25356049999999,-58.0340369,0.0474294693,447.426308,22.371315399999997
-7.80787892,-5.60769318,71.4624447,-1.63773208,-314.543631,-15.7271815
2.57798871,-32.5377569,55.79432579999999,-4.28129265,174.9975,8.749875
-15.1037774,-76.4517941,-19.9568044,0.962270049,560.264905,28.013245299999998
-16.816612699999997,-88.8785349,-3.78037145,3.21840858,197.917454,9.89587272
-22.3531432,-5.55119514,19.3320895,4.63582554,444.457231,22.2228616
71.1074417,-45.437791299999994,27.342806,-3.39642516,-588.087234,-29.404361699999995
64.6037824,-0.481670373,47.2542553,1.89598975,-435.58813,-21.7794065
82.78206949999999,-52.959467599999996,-9.41234321,0.393580053,382.50699199999997,19.1253496
67.2083883,-9.42362022,25.7368502,-2.58470821,-83.8007411,-4.19003706
73.61751740000001,-78.2857088,-39.495012,2.4967061,468.386069,23.419303399999997
55.1174512,-96.366945,-10.208436099999998,-2.95196042,281.889854,14.0944927
-13.6144152,-75.70708409999999,-45.323279,-2.04348333,224.78831,11.2394155
-12.780402800000001,-78.6162387,-62.708613,1.14619111,-184.665639,-9.23328194
-55.1390548,-63.978924600000006,-52.825162600000006,-0.8238635459999999,-400.758313,-20.0379157
-97.3631319,-82.90484529999999,74.5488252,-1.4413303,-413.264908,-20.6632454
-24.80675,-52.116631299999995,14.8693655,3.1942081,-370.660426,-18.5330213
67.7124622,-81.4272846,34.7946681,3.66533496,-93.0581689,-4.65290845
-42.7513326,-9.61356713,64.1683843,0.435366569,427.17084900000003,21.3585424
-43.1741743,-12.394724900000002,-2.43444039,2.76679223,-11.7000156,-0.585000779
-34.583931,-29.8536641,-28.3081727,0.798807666,379.121723,18.9560861
-4.75814794,-33.8887469,-14.643859099999998,-3.22982799,-47.0762023,-2.35381012
-54.8033309,-49.1345296,-68.6318128,-2.80992376,-51.1747437,-2.55873719
92.4012391,-66.17934059999999,3.34181926,-0.562084119,-59.173342000000005,-2.9586671
-38.708355,-44.7485075,84.8850819,4.03176277,-105.337127,-5.26685634
55.7851171,-99.0638327,-30.7668886,1.9413765,481.93179000000003,24.0965895
79.0684887,-51.1172328,-28.949461499999998,-1.73053797,-593.2992730000001,-29.6649636
-49.2553362,-4.40858948,54.337613,3.84449293,-243.11318500000002,-12.1556593
-70.84933249999999,-60.5982078,-61.254034999999995,1.02068809,-541.005013,-27.0502507
-31.7007455,-86.826957,-61.3362047,3.62301871,231.816544,11.5908272
46.626937,-50.089086200000004,-60.5403937,-1.63468027,180.127692,9.00638459
-93.22721740000001,-2.31750389,74.582883,2.5445961,579.585338,28.9792669
8.84775196,-8.66351856,49.5033041,-2.01882006,63.207892099999995,3.16039461
11.6890801,-0.073722757,-12.6204276,-3.97577107,-119.911781,-5.99558905
33.9367445,-35.684449,-43.35183320000001,2.93656481,-361.453776,-18.0726888
16.7853845,-17.819479100000002,22.029719500000002,-0.102778003,150.241227,7.51206137
37.1818177,-10.968644900000001,87.3448818,-3.22215356,280.035362,14.001768099999998
53.1967736,-30.8434011,24.647226500000002,0.558814476,-148.937422,-7.4468711
79.53242320000001,-58.581121499999995,-48.048528499999996,-3.33129817,-588.148245,-29.407412199999996
93.357934,-13.3255165,51.2096755,2.80120909,-96.1706324,-4.80853162
81.15870579999999,-75.30486590000001,-89.38710959999999,1.05322393,304.403551,15.2201775
-64.2841228,-49.049405900000004,53.533730299999995,-2.2757138,352.64612999999997,17.6323065
95.69760550000001,-77.5349057,-52.6221897,-3.97360836,503.94864800000005,25.1974324
79.5971485,-54.7558169,-54.0845733,0.5114375529999999,413.665802,20.6832901
-94.1277194,-14.572508,85.964292,4.99318152,-158.696541,-7.93482705
-43.5955287,-57.6423834,22.1528782,1.36343787,144.961598,7.24807991
-62.419770299999996,-88.9263313,-80.0611546,0.9135558709999999,277.532717,13.8766359
21.7507018,-65.8702875,-64.3862915,4.86149638,-367.32818399999996,-18.3664092
-58.12912339999999,-17.277166,-16.588437699999997,1.63848846,485.77480099999997,24.28874
99.5469328,-50.1753899,50.0672226,-3.01003826,83.04689959999999,4.15234498
-96.64763590000001,-24.22559,-60.701873,-4.27265859,158.14791499999998,7.90739575
-12.074367800000001,-12.2946328,-85.2829744,-4.27507692,-318.704454,-15.935222699999999
-70.32096209999999,-77.14870450000001,63.243491299999995,-2.92628348,58.53855060000001,2.92692753
24.289187300000002,-56.1401894,-44.473131200000005,-0.80800426,517.900023,25.8950012
50.873757,-72.2629912,-18.8719788,0.239365587,-197.76308400000002,-9.88815419
-43.8806095,-44.1476644,33.7118352,2.17759631,186.63726599999998,9.3318633
5.43593639,-63.4093096,66.7781009,3.42434797,-129.714952,-6.48574759
-37.5118841,-89.0147051,32.576999199999996,1.72854678,152.777746,7.63888729
-63.65182629999999,-44.854997499999996,-64.9440495,-4.49566519,238.896165,11.944808300000002
55.85058879999999,-40.8042559,13.8580815,-2.11022043,-123.379255,-6.16896277
61.9018125,-18.9350529,33.194356199999994,-4.03002055,-103.645326,-5.18226628
44.6625893,-34.983433399999996,-33.0844831,-1.99784576,186.255536,9.31277678
-90.938102,-99.67691500000001,2.13027566,1.54848478,405.102119,20.255105899999997
22.65995,-93.699802,-9.70177198,-1.27619147,-154.07036100000002,-7.70351807
-32.957022200000004,-55.341111399999996,3.63260495,1.25506288,-89.6962098,-4.48481049
16.7725189,-25.7625326,-24.114264399999996,3.58541213,113.596046,5.67980229
82.6355623,-18.0311641,27.4154636,4.45625498,78.8862865,3.94431433
0.254499129,-30.490809499999997,66.8807039,1.12731107,259.850877,12.992543800000002
-16.4980914,-40.613913200000006,66.2350401,1.41322929,13.5737378,0.67868689
59.89150079999999,-42.7454732,5.36481696,0.541755864,331.68145400000003,16.5840727
78.1218323,-61.581686600000005,82.67666690000001,-2.77323348,-12.785428900000001,-0.639271446
2.67066642,-31.487999199999997,16.382844199999997,-1.0295748,-376.914659,-18.8457329
-22.0547076,-74.6229336,-85.8036527,1.58566839,240.762486,12.0381243
86.1277403,-54.4350863,-57.1984546,2.10954916,579.2505620000001,28.9625281
-43.45357,-47.9641481,-5.85588451,2.98041416,367.965299,18.398265
53.9874287,-79.3357632,20.4152435,-4.67184751,244.281186,12.2140593
45.516642600000004,-95.771245,-64.86216,0.136301766,-18.043536800000002,-0.902176841
82.9215995,-15.8546215,-51.881060299999994,-1.23846972,-462.46461500000004,-23.1232307
-78.7759175,-47.4532515,88.2127876,3.18736796,197.826681,9.89133403
77.78752209999999,-71.6290071,-30.592639399999996,-0.84624885,-161.55133,-8.0775665
19.0080893,-73.9914864,-13.3494636,-3.62608305,-431.946652,-21.5973326
-97.58400879999999,-41.5579769,-63.6738323,1.33196928,80.1273604,4.00636802
-52.337124700000004,-71.92448759999999,8.23206386,3.17125468,387.609977,19.380498899999996
-75.27522950000001,-9.16564881,-73.443967,-0.38034211799999995,208.738359,10.436917900000001
76.1568628,-65.3807742,-11.707924199999999,0.047856139900000004,599.336766,29.966838300000003
62.64645529999999,-36.1620956,-74.9380162,-4.21707948,553.9636889999999,27.6981844
52.667660999999995,-90.66821440000001,9.884225,1.58427686,-529.365401,-26.4682701
62.077414399999995,-74.1040674,-86.7914886,4.80737575,-167.626595,-8.38132974
36.4507735,-7.66651635,25.9387927,4.05904342,58.2153765,2.91076882
24.9604139,-35.35673320000001,-19.392585,-3.25147145,-285.87651600000004,-14.2938258
-26.384291700000002,-60.0631581,-31.204863399999997,-3.24452913,116.813818,5.84069088
-59.4439573,-96.459293,-42.332615399999995,-0.849730786,-540.866404,-27.0433202
-44.9897571,-63.5855752,1.85009247,-1.80219732,85.26899329999999,4.26344966
-3.69122686,-91.23967640000001,-8.00825332,4.34400124,241.02867999999998,12.051434
-19.961751,-48.0183165,55.8673326,1.05085923,554.74591,27.737295500000002
40.4591669,-21.218471100000002,-5.88205862,-1.05506183,300.621878,15.031093900000002
-35.7278104,-57.56197579999999,3.33109241,2.50854415,287.991654,14.3995827
-90.3093667,-37.2073984,-53.4447454,4.89923942,-81.75193730000001,-4.08759686
55.4972356,-79.3024705,14.516246100000002,-4.74147577,161.119148,8.05595738
10.6805746,-24.6948295,17.5858669,-3.01049975,363.631608,18.181580399999998
-86.45012990000001,-91.0610298,28.1821695,4.74125992,-499.342792,-24.9671396
-0.7646997190000001,-61.187358499999995,14.6668043,-4.7139939,534.555345,26.7277673
67.2210354,-80.0093835,47.4924586,-1.45248129,499.130952,24.956547600000004
-7.81317964,-99.54048370000001,-60.5593074,-1.07537759,122.38490800000001,6.11924542
56.0050804,-66.7039642,61.155120499999995,3.98770596,-295.727306,-14.786365300000002
-1.65122659,-3.25343821,89.33745290000002,0.58257005,448.140967,22.4070483
39.1427921,-61.2407959,28.824419899999995,2.92569548,16.080852,0.8040426
97.0123806,-26.338372200000002,-67.8143513,3.81127594,279.18077900000003,13.9590389
-29.365547999999997,-44.5835838,15.6845481,-0.955677854,-93.3280967,-4.66640483
24.3983342,-77.15369270000001,-63.677306900000005,0.274575214,553.643999,27.6821999
3.17875094,-10.140684199999999,80.95005390000001,-2.61279946,-513.528914,-25.6764457
63.006454299999994,-71.1186359,43.5565682,0.21291974100000002,64.08956160000001,3.20447808
-2.18720118,-82.1203358,67.0693745,2.4502943,-249.61929500000002,-12.4809647
46.2919131,-84.32628829999999,-60.37328839999999,-3.04450176,429.556216,21.4778108
42.11489829999999,-18.1921798,-4.71871867,-1.77060996,-197.09383400000002,-9.85469168
66.8823267,-2.50174272,-27.606113899999997,-2.55608531,216.24462000000003,10.812231
-97.81516459999999,-62.295850300000005,-36.3393078,0.324894837,-535.866694,-26.793334700000003
-90.32459329999999,-80.60455019999999,-82.767853,-1.85260042,-172.01335500000002,-8.60066776
0.25346876100000004,-54.678903299999995,-21.3118388,4.66199791,-2.03448476,-0.10172423800000001
-41.662136100000005,-51.8381146,-66.251954,2.64618287,-78.6713541,-3.93356771
-97.2414679,-27.3354692,-64.2626481,-1.83548024,74.9501005,3.74750503
58.8355695,-26.413250800000004,-21.2483059,-4.65031103,139.945356,6.99726781
-86.5434655,-16.3741362,24.6262061,1.53117274,-463.992023,-23.199601100000002
-37.9644303,-8.21423907,50.4621196,-1.16164959,477.902089,23.8951044
-31.998916700000002,-2.0619103,-12.9837933,-0.80603718,305.46165,15.273082500000001
63.3555829,-98.7625459,-59.1754655,-2.03444731,349.34783500000003,17.4673917
-99.1254321,-85.7549853,-23.9966051,2.28988544,377.942482,18.8971241
-1.23679561,-51.5482655,86.0068694,-2.20227183,204.004638,10.2002319
22.6896082,-81.9198879,-7.32541094,-0.687405055,-358.948305,-17.947415300000003
-25.1837592,-39.600944299999995,67.3444473,-4.5166934,-272.29420600000003,-13.6147103
-60.338359700000005,-50.7171594,-62.624154000000004,-1.30866212,151.481566,7.57407832
79.0135285,-16.5268892,-10.358387400000002,2.70247003,44.2220338,2.21110169
97.3697166,-84.4322745,75.7428838,-4.457134,-528.595139,-26.429756899999997
84.3560184,-85.8846834,86.47007690000001,-1.1123879,-493.245889,-24.6622944
-21.1165319,-6.53852159,-6.56212859,-4.25003905,-274.43019100000004,-13.7215095
32.457496,-98.1671484,-27.9916973,-3.85713615,-109.113221,-5.45566105
8.02198202,-55.8238054,-52.2994969,2.90884088,-31.150259600000002,-1.55751298
-57.7841039,-66.75979889999999,-33.0804355,4.34348592,490.78721900000005,24.5393609
-38.9340179,-3.79920011,71.6112708,2.75331062,115.49656599999999,5.77482829
-97.31952220000001,-74.67481140000001,-77.28474179999999,-0.314428521,-205.253637,-10.2626819
-99.08761170000001,-91.738282,-45.3737201,-2.75493308,-26.1666891,-1.30833446
97.5573822,-42.784369899999994,-86.4254889,2.05592074,116.60493500000001,5.83024676
62.359387100000006,-36.404104600000004,89.4346303,-0.45128216200000004,-406.26149399999997,-20.3130747
54.081138100000004,-32.9958919,-71.97645809999999,-4.65932659,395.369101,19.7684551
80.6570497,-36.6207226,75.3950095,-1.79378115,547.346888,27.367344399999997
-75.2451768,-15.354634299999999,-65.8787509,-0.14770541199999998,114.65759399999999,5.73287971
-80.7840912,-67.2581322,-53.091438100000005,3.39498835,-565.502144,-28.275107199999997
10.2935129,-74.359163,-60.4524316,-2.06086308,374.541383,18.7270691
-98.6964823,-48.127910299999996,49.8694098,1.41001647,132.136291,6.60681457
-74.8613403,-11.6329546,10.8253674,-0.8341176459999999,241.791121,12.0895561
-88.8440137,-30.495632399999998,29.720005100000005,-1.5641216,-489.36455700000005,-24.4682278
52.534741000000004,-25.683653600000003,67.2416179,4.55847483,-90.1330304,-4.50665152
-85.7196881,-94.0710507,19.76915,-2.44602245,-149.30801,-7.46540049
43.6466706,-1.42990914,78.99096920000001,-4.61542556,-400.615103,-20.0307551
-71.9184006,-72.17312679999999,-38.5969892,3.8491804,399.781751,19.9890876
23.1396711,-58.310991200000004,47.6812156,0.21228624399999999,406.367646,20.3183823
-5.69816177,-97.9258136,-63.1212591,-0.550370067,-58.0631649,-2.90315825
2.07051432,-11.166574699999998,21.4874462,-0.730485457,547.921658,27.396082899999996
-30.9913848,-61.0749817,22.1766504,-0.0230850792,-423.416116,-21.170805800000004
-83.0484073,-93.62486240000001,55.503180900000004,3.33943522,443.919516,22.1959758
-48.8397308,-10.9252767,-32.7858226,2.74694327,323.32367999999997,16.166184
5.11437933,-95.5848635,-27.2557479,-1.58562918,-67.0060612,-3.35030306
-71.89304759999999,-43.9937445,-44.357098,-2.80636579,144.744145,7.23720726
-75.9058157,-50.340599600000004,75.8694283,4.76492066,542.027137,27.1013568
0.547775063,-8.91653354,36.6273864,-1.96536305,168.01158700000002,8.40057933
-42.8173577,-13.479073699999999,37.12068970000001,-0.45481416700000005,-303.20684500000004,-15.160342300000002
-77.6065606,-94.7898852,-62.8889723,-4.11922375,-176.757606,-8.83788031
0.00925284926,-78.25139,36.6720568,1.0806034,-374.567423,-18.7283712
-24.4198034,-94.1160795,-76.7170797,4.27000804,-11.2267703,-0.5613385129999999
-45.888237100000005,-8.78693532,-80.54583670000001,-2.15286871,-108.870805,-5.44354025
91.3382052,-18.5489272,4.25296893,3.20771078,-43.7692995,-2.18846497
-8.38641291,-82.0673438,26.9185167,0.8260049190000001,133.13226,6.65661299
-50.9958827,-47.7317851,-47.9907617,3.33584033,-514.597841,-25.729892
66.0914143,-24.1784721,-64.7755485,-0.524458833,-222.86365299999997,-11.143182699999999
-39.365255600000005,-6.41769522,-47.234517600000004,-3.97873767,130.06038600000002,6.50301931
-93.35611690000002,-21.2753592,67.3508432,0.745987574,-389.975782,-19.4987891
97.51186379999999,-41.6752804,64.9322473,-1.3659598,145.23292,7.26164601
-4.04474933,-24.762114800000003,27.289519199999997,-0.032528775,-304.848079,-15.242404
20.707161,-54.48257220000001,67.3452292,-4.51407921,104.829858,5.24149291
3.24976078,-87.0363047,83.46308309999999,1.75418571,7.26414459,0.36320723
95.45219329999999,-73.48038299999999,80.38060949999999,4.79320474,-42.2652914,-2.11326457
-50.560338,-23.350602300000002,69.5388868,2.58806563,49.70271629999999,2.48513582
33.6389167,-49.7766229,6.78199524,-0.8936640709999999,530.791883,26.5395942
-70.6536761,-79.693934,56.370380700000005,-2.68860063,-189.889092,-9.4944546
-18.975534,-99.905303,-46.3496687,1.70699806,-117.83478899999999,-5.89173945
-71.58942640000001,-90.2007925,-24.4890969,-2.83967644,-230.774477,-11.5387239
-31.1507967,-2.73770093,31.9563299,-1.18905324,-106.118449,-5.30592244
9.9864132,-97.74263520000001,-54.524989399999995,-1.76942051,-256.872921,-12.843646099999999
-91.51365870000001,-46.8239286,-54.98772679999999,-0.7659078640000001,-127.04686699999999,-6.35234333
-53.608025399999995,-94.87578409999999,9.06862801,3.95321605,3.61738261,0.18086913100000002
-20.2418616,-19.4254899,-86.69123940000001,1.39199485,266.37581600000004,13.3187908
-75.86179940000001,-3.33965986,-61.0174712,3.76604016,-232.54974500000003,-11.6274873
-11.4739854,-56.098853299999995,6.33053907,1.81526669,-465.403546,-23.2701773
-89.709537,-25.528723899999996,-12.9405938,-0.851625515,-68.0520481,-3.4026024
99.3293237,-50.5063278,-16.7238038,1.05165842,-39.8849374,-1.99424687
38.87526870000001,-89.0117822,59.80792579999999,-2.44500474,-582.39735,-29.119867499999998
23.004334600000004,-93.42217600000001,-55.31392629999999,-4.30792767,196.862239,9.84311196
23.430920899999997,-91.1480308,32.3884604,0.39183739799999995,268.87405,13.443702499999999
65.94783670000001,-70.29296140000001,75.2978205,2.12503266,-262.039676,-13.101983800000001
95.8571137,-62.619930700000005,-81.685121,-1.49069728,-285.817586,-14.2908793
-12.5130508,-94.8489065,68.5539048,-4.63332704,250.165686,12.508284300000001
69.24206679999999,-50.294748799999994,-13.971275400000001,2.12951785,340.630827,17.0315414
-20.5832727,-67.59057840000001,-7.97671567,-4.05818882,583.389368,29.1694684
-15.9256398,-16.3754827,21.1300994,-4.62649375,-31.988753499999998,-1.59943768
78.3976212,-58.4622486,43.6874464,3.28649051,483.38260099999997,24.1691301
-30.867659200000002,-84.9809064,89.277896,-1.95454789,-58.7294866,-2.93647433
61.6825905,-55.8801496,77.02940179999999,3.67888034,365.42017000000004,18.2710085
98.8552537,-9.05540326,-86.5604395,2.90813858,394.637372,19.731868600000002
56.212750199999995,-69.24534200000001,-21.3789328,-2.89932761,-400.47586,-20.023792999999998
70.3617505,-57.0761289,28.2590789,-4.59859824,-127.312794,-6.36563968
32.1222067,-77.858968,-84.92062209999999,4.87634224,24.9089812,1.24544906
-45.577450299999995,-51.32826,20.0747418,-2.14028695,261.748767,13.0874383
-51.8313535,-13.4306565,4.30899263,4.490751,83.0274225,4.15137113
-14.8152802,-3.20543199,22.12744,-4.77836072,-47.032592,-2.3516296
19.511625199999997,-69.8270433,-64.8996977,-4.79922685,-65.63153589999999,-3.2815768
-15.991760500000002,-50.94418889999999,-8.77541598,-1.62250189,-494.706473,-24.7353236
53.5048311,-61.7008735,-16.349968,4.74230398,-67.82014170000001,-3.39100709
-94.8616574,-68.7360352,73.6082711,3.65758376,-160.440185,-8.02200924
38.5586054,-20.1848528,-17.796105700000002,3.35620561,-236.95941800000003,-11.8479709
50.6876465,-55.721034700000004,-55.6678328,4.99291419,422.213637,21.1106818
90.7115849,-35.015058700000004,56.9897574,2.31775698,311.375265,15.5687633
-22.5355849,-48.9902182,-13.9410345,-3.79880813,539.711142,26.9855571
-88.7687327,-83.5162322,-20.558191100000002,3.78467729,69.52621090000001,3.47631054
-24.931960600000004,-67.6142233,38.895813700000005,-4.73128292,-582.9203809999999,-29.146019
31.5026358,-2.488535,18.9476511,0.692391286,115.412501,5.77062507
40.353302899999996,-55.4417593,-75.2730973,-2.07224688,379.446851,18.9723425
-81.85263499999999,-0.49411030100000003,-66.5269219,0.919335267,572.510826,28.6255413
89.5974178,-80.29579129999999,-23.7834593,3.99224309,-333.710305,-16.6855152
6.9697692,-18.1064343,10.8114625,4.68903352,244.42040099999997,12.22102
82.048076,-32.3399869,43.234064000000004,-3.33978113,26.4730984,1.32365492
-38.1378251,-25.7586897,86.84141899999999,0.277490368,519.476468,25.9738234
44.9790025,-93.3031015,-2.56001636,-1.54842195,256.025332,12.8012666
-23.3082137,-14.5094055,-89.929761,-0.501510248,-326.353316,-16.3176658
79.77461240000001,-22.9554913,50.69848029999999,-0.292941258,-60.4294744,-3.02147372
-86.3123882,-50.0405809,-27.5096011,-0.962642876,-393.360365,-19.668018300000004
-47.000066100000005,-41.893206400000004,-36.7404933,4.71124011,562.584172,28.129208600000002
24.9122443,-70.314808,59.675381900000005,-3.63141209,-173.140675,-8.65703373
36.0558273,-87.1805196,-72.3684499,-0.12012665300000001,-541.1438059999999,-27.0571903
47.3801689,-34.8308772,-22.708606699999997,-3.10068064,306.40628599999997,15.320314300000001
86.59610909999999,-65.5513277,25.2477103,3.46360677,473.77531600000003,23.6887658
22.934226300000002,-94.72120579999999,-83.8663382,1.25712409,-256.62041899999997,-12.831021
47.6610213,-49.01909929999999,-32.5109114,3.00157933,-298.559344,-14.9279672
27.305178899999998,-47.750322499999996,83.09793979999999,3.90469509,519.28343,25.9641715
-65.9733561,-31.844452899999997,29.951486300000003,-0.0246416211,-442.821037,-22.141051899999997
-45.5328833,-27.4382584,-74.4312673,-4.56114176,528.983451,26.449172499999996
62.4895598,-22.6957622,-43.9986947,2.82481828,242.22380800000002,12.111190400000002
-19.3478069,-12.068615300000001,-64.306606,-2.63305374,417.211762,20.8605881
32.0165359,-7.23497293,-40.0876635,-0.849733759,-348.874031,-17.4437016
-42.7882027,-46.2871508,49.7600526,-1.55914361,-53.889971100000004,-2.69449855
92.2766815,-90.3515106,37.4366549,-2.40631579,-502.71153,-25.135576500000003
15.3111981,-59.2695875,18.526185100000003,-4.45623145,421.34688099999994,21.067344100000003
93.3257655,-53.1211147,-82.9045816,1.24432625,74.45841180000001,3.72292059
2.78418895,-24.259002399999996,62.2226897,-2.16625152,-216.84444399999998,-10.8422222
72.8446634,-49.3279893,-48.646567499999996,4.97482098,-150.120886,-7.50604431
-54.9344985,-71.7064436,-0.888630743,3.96523849,441.35483700000003,22.067741899999998
-51.3089937,-43.86378,-84.58841190000001,-1.58554834,-153.38851200000002,-7.66942559
79.76528559999998,-15.437247199999998,26.630338199999997,0.7811110659999999,-511.571933,-25.578596700000002
41.8395157,-96.3142689,-17.9202264,2.64369511,-360.19440499999996,-18.0097203
95.0286837,-12.1398961,48.152679299999996,-3.52830681,-540.608064,-27.030403200000002
-8.08714823,-93.320964,-20.9046046,1.25918865,80.0517349,4.00258675
48.3549124,-5.92742557,70.4537172,-2.05913142,-453.6903,-22.684515
33.793449,-7.09161312,-16.5973664,3.10248275,26.5341163,1.32670581
-94.0775106,-34.4673156,-22.170529100000003,4.47252753,-459.52781699999997,-22.9763909
-29.928779100000003,-41.0739768,-74.07907349999999,-0.465511995,323.902173,16.1951087
-83.5867745,-55.96039739999999,86.86385279999999,-4.95210853,-149.933044,-7.4966522
-87.8325046,-80.7180415,75.90522340000001,-3.88462681,388.064644,19.403232199999998
52.0189886,-90.0299267,-6.85717599,0.270687639,-544.036625,-27.201831300000002
25.5661785,-19.0877896,11.0640435,-3.28303383,117.49591399999998,5.8747957
6.0933921,-44.8417514,-1.18998426,-0.669733592,538.9804730000001,26.949023699999998
97.8523787,-61.8719236,88.9158804,0.697661467,-253.442817,-12.672140800000001
-39.4075819,-20.948622699999998,-85.3783463,-2.97253353,466.59913200000005,23.329956600000003
-63.8597494,-25.7788618,-43.287113,-4.00827022,-478.097426,-23.904871300000003
13.850018799999999,-96.3428782,-31.110704499999997,0.572618753,-521.6225919999999,-26.0811296
-6.68558326,-0.751582083,-67.8822668,1.10599363,-318.84032,-15.942016
-21.554173300000002,-49.6040992,44.2677406,-3.97915476,519.7181019999999,25.9859051
-94.5186325,-52.4150943,23.284964600000002,0.955753865,-524.246525,-26.2123262
-31.704094199999997,-83.144097,-54.6129419,1.64571268,-282.938804,-14.1469402
95.26982059999999,-0.10445150800000001,-6.5216438,-2.3323319,599.438009,29.9719005
15.3870003,-16.8067888,-42.128292,0.657875578,-345.61444500000005,-17.2807222
54.1280254,-63.5865437,-89.3480583,4.14869791,-1.90824172,-0.0954120862
25.282292899999998,-76.5150375,-69.16370479999999,1.98311752,-251.41404599999998,-12.5707023
46.6099912,-90.5067714,10.604831800000001,-3.39687418,207.305293,10.365264699999999
-70.1317298,-93.10245040000001,70.60838869999999,-4.06531728,549.5893440000001,27.479467200000002
-17.0717802,-98.2062992,72.217167,3.64037633,319.861841,15.9930921
-86.2030524,-39.5738643,35.9789149,4.16671671,199.348485,9.96742426
76.83881240000001,-90.2220512,-47.920175799999996,0.622399874,-442.866213,-22.1433107
66.3988585,-24.6886921,5.31027411,0.796804583,-485.50437999999997,-24.275219
-36.957898,-66.97064920000001,54.85768050000001,4.85465607,-582.1627950000001,-29.1081398
79.61088659999999,-61.90826,35.9668671,-3.24818518,-254.16798500000002,-12.7083993
50.6196021,-73.9143394,-89.92606540000001,-3.03056259,380.077456,19.0038728
-69.4901063,-19.5839706,-38.6859369,-3.29382298,582.580212,29.129010600000004
43.0827605,-41.6070713,-59.25807629999999,4.19946922,-579.164768,-28.958238399999995
68.3276247,-11.7617909,-53.417789600000006,-1.44227076,383.271519,19.163575899999998
56.691511600000005,-97.3459868,-72.9575181,-0.322281339,145.366447,7.26832235
99.5659038,-70.85767870000001,-83.03884509999999,-1.38280879,72.26644920000001,3.61332246
17.2228057,-76.04724350000001,-19.1948705,1.18003666,-307.162159,-15.358107999999998
-27.843888399999997,-12.0777576,-47.981379700000005,2.08982493,386.409106,19.320455300000003
-25.2182052,-91.75886750000001,-69.7286616,0.801320266,-284.145686,-14.2072843
97.444002,-92.656627,-11.9742288,0.806334663,304.361441,15.218072099999999
77.4415662,-52.741592700000005,-39.220884999999996,0.00307398923,191.573759,9.57868793
-62.87372729999999,-12.020089,63.8450275,-1.11783316,-343.124573,-17.156228600000002
-51.1736956,-13.164574599999998,-83.7341032,-4.64079761,122.54028999999998,6.1270145
-50.626124299999994,-71.1303506,86.8297878,2.74879433,125.92453200000001,6.2962266
-65.2369856,-47.718001799999996,81.9326027,1.63374106,191.401858,9.57009289
-33.1389651,-82.8478029,87.1906236,-0.536514745,-379.963641,-18.998182
-18.755030899999998,-61.0103598,57.3848442,3.04961647,163.856286,8.19281432
24.7553025,-95.15563909999999,-82.207894,-3.08275311,-395.629068,-19.7814534
79.6014338,-97.8243691,-37.426004,0.516671722,47.521327,2.37606635
35.833016799999996,-52.1921311,40.01348970000001,0.15848721699999999,148.073019,7.40365095
-73.691417,-39.563123,-71.2070787,-3.48327897,223.067968,11.1533984
-5.42205258,-92.2073527,78.3714912,1.3164029,212.815143,10.640757199999998
93.48963540000001,-51.74413079999999,-7.42302694,1.52543351,452.196029,22.6098015
-0.247425617,-34.1839516,87.68513270000001,-1.14062699,-584.5314,-29.226570000000002
-20.5836022,-35.2651739,-15.4859804,0.5639919179999999,-227.51732900000002,-11.3758664
97.6446767,-12.884008999999999,55.826182499999994,0.24400392399999998,334.895097,16.744754800000003
53.6656858,-67.2455901,-81.03480479999999,3.77365123,-231.244698,-11.5622349
96.62894059999999,-43.9621356,20.907148899999996,-3.27919837,512.0139730000001,25.6006986
-52.1459077,-37.267319,-17.4607725,2.44820906,214.46385099999998,10.723192599999999
-6.69076853,-91.49588829999999,18.3093507,3.90447898,-510.814209,-25.5407104
-92.9301592,-96.5148597,-48.3414685,-1.38117761,-515.19697,-25.7598485
47.429095700000005,-65.9522777,59.391769499999995,-3.98781828,-585.68344,-29.284171999999998
69.9394339,-42.3247578,-77.521523,2.91285701,-327.415542,-16.3707771
3.33969556,-38.139024400000004,-48.148221899999996,1.59895823,19.5023963,0.975119815
-71.28201829999999,-48.991006299999995,-2.35959692,-1.68459357,-50.1549416,-2.50774708
55.3965655,-67.9846186,80.92758070000001,-3.61778597,243.844006,12.192200300000001
-10.5091043,-24.628607199999998,-77.7710983,-0.10408241300000001,98.98065,4.9490325
-66.907505,-18.059199800000002,-10.0586992,-4.31335064,11.0472022,0.552360109
-48.685,-19.340079199999998,-52.4685002,-0.543996842,-510.85246900000004,-25.542623499999998
45.8672296,-54.0468127,55.4116958,0.0320984275,-368.116424,-18.4058212
-87.7389007,-81.3037067,0.8078933070000001,3.05524104,-144.47503999999998,-7.223752
-77.344038,-62.30250890000001,48.318037200000006,-2.57577916,-268.278335,-13.4139168
62.928264899999995,-41.336551799999995,-49.9701033,-4.67369687,325.058203,16.2529102
-7.69678636,-94.5128562,53.953794099999996,4.40428438,-223.28401200000002,-11.1642006
81.75832249999999,-12.760697500000001,-83.1089887,0.406965203,165.831863,8.29159315
79.26301959999999,-6.11566441,41.7457656,-1.64601779,583.880237,29.194011800000002
-58.6044579,-53.983377100000006,81.8962892,2.01078707,3.4509643,0.172548215
74.8186578,-58.265306,-30.055722600000003,2.83645024,537.244052,26.8622026
-52.541698100000005,-6.38753652,-31.056058399999998,3.42296975,393.63101,19.6815505
36.860772,-84.02026059999999,10.657502000000001,3.17414245,501.06864400000006,25.0534322
92.0241882,-80.89829399999999,41.147192700000005,-2.13137612,-464.30420499999997,-23.2152103
-14.684467499999998,-67.8226302,-35.1602395,-1.20479065,374.551087,18.7275544
-65.1655811,-75.5648497,57.1981495,4.38486278,489.915076,24.4957538
-20.5255801,-93.04248620000001,56.052594299999996,-4.00187769,-412.348657,-20.6174328
34.186687899999995,-98.26436329999999,-2.44614867,-2.46801947,-453.45748,-22.672874
-2.98750137,-55.2162079,-12.218857,4.54030856,315.199764,15.759988199999999
-23.4816233,-27.893393100000004,-64.7169121,2.57744812,266.160341,13.3080171
12.704035800000002,-28.8907006,13.5763975,3.96772694,181.96778,9.098389
-2.02255543,-87.93779029999999,-53.4486435,-2.31858718,304.827199,15.24136
-68.9766801,-7.29516286,-14.8268688,-3.13679673,195.794409,9.78972047
30.2298828,-19.763655399999998,-53.2858428,1.90779152,460.19220199999995,23.009610100000003
45.3990029,-52.235132,33.4041234,4.46848185,-273.411076,-13.6705538
-99.26509320000001,-34.7193121,59.58982710000001,-0.254371352,-96.6807413,-4.83403707
81.8285821,-27.8059128,-38.8126466,-1.81719933,-344.407609,-17.2203805
32.3721663,-42.0415616,-23.0322238,1.6664974,-557.28004,-27.864002000000003
-90.0720964,-51.0219122,10.2197728,-4.28630052,-502.603555,-25.130177800000002
-9.55504024,-20.8743935,-29.1747974,-0.00441529703,420.68014000000005,21.034007
-67.1811578,-62.2963514,72.547263,-1.74755675,-191.75586299999998,-9.58779316
-5.86457195,-86.502252,-47.797348299999996,0.7457696140000001,-40.6140261,-2.03070131
64.6938032,-11.385934800000001,-17.31236,-2.24004658,496.51588799999996,24.8257944
69.9974998,-95.1283148,-31.301543699999996,-2.26060972,-325.707953,-16.2853976
92.84523270000001,-86.1559579,-18.868042499999998,-3.33718546,434.45387999999997,21.722694
62.5373316,-19.917299800000002,-39.53417329999999,-1.20562674,187.942243,9.39711214
-47.121923100000004,-33.0732955,25.6006788,1.72318795,469.419363,23.4709681
-58.729724399999995,-62.3828887,-37.6079029,-2.02048866,-14.227778099999998,-0.7113889059999999
86.4430107,-40.738867,83.8688977,-4.32778917,591.174776,29.558738800000004
-21.332245999999998,-67.5146787,-16.9958405,3.45786664,-152.008871,-7.60044357
-87.52564079999999,-84.73304870000001,-52.2398477,1.03202899,37.6539814,1.88269907
-91.2393387,-73.98219809999999,-85.6781399,3.84904539,-382.42040499999996,-19.1210203
-98.7720494,-76.838024,47.629545799999995,-3.62870112,2.33320222,0.116660111
63.4223004,-82.2505929,-10.5794717,-0.703799649,-93.3662071,-4.66831036
83.036153,-2.47259281,-72.92486720000001,1.05509477,192.512879,9.62564397
48.328025399999994,-24.8426977,-89.3924533,4.16874316,208.383613,10.419180699999998
-59.234511100000006,-31.802911699999996,-51.5690074,4.09434243,548.7962190000001,27.439811
-53.1567145,-99.2559358,51.794918,-1.20926389,-369.761105,-18.488055300000003
79.698683,-21.2253892,57.4630395,-2.13014676,-466.540274,-23.3270137
57.5508573,-67.0628517,-63.2953071,2.71208608,78.064645,3.90323225
-63.404595400000005,-88.97935240000001,24.5292827,4.10203842,562.999527,28.149976300000002
1.14716176,-88.8643166,15.0021367,-3.58936418,-571.507355,-28.575367699999997
-87.8030782,-32.2481711,-52.9072723,3.96969242,444.25898600000005,22.212949300000002
-72.9435189,-13.153330300000002,36.9922049,-2.10873616,-567.7480889999999,-28.3874044
-95.5516068,-20.459191699999998,89.5422245,2.7663083,23.434426000000002,1.1717213
73.9649744,-36.9973097,58.290544,3.91620309,-369.250295,-18.4625148
22.824397100000002,-86.40347609999999,48.3089886,0.784022531,258.826856,12.941342800000001
-32.171625899999995,-79.1838953,-19.911138,3.82153159,-299.192662,-14.959633100000001
37.1323317,-74.97845600000001,-89.2395529,2.19812608,520.637779,26.0318889
-56.5238764,-97.9013598,-12.6996795,-0.011445624199999999,-435.372825,-21.768641199999998
-53.713799300000005,-35.4448073,-31.028489299999997,-1.96530876,25.946807,1.29734035
-11.5567537,-53.164323399999994,51.3530441,3.98515774,474.242029,23.712101399999998
-33.225533,-75.1247365,-11.651019400000001,-4.6000504,530.864705,26.5432353
-46.6986283,-85.0999465,37.8777776,0.888182356,-197.899946,-9.89499728
50.998188299999995,-66.8036357,81.13609790000001,-4.50595026,-75.16341159999999,-3.75817058
-16.7409521,-24.143916100000002,37.3064985,0.157800233,-34.612909,-1.73064545
90.093451,-87.47077900000001,-65.14353630000001,-1.96951401,-420.82759699999997,-21.0413799
67.31584170000001,-4.0814021,-31.6841161,-3.98073248,-436.962727,-21.8481363
79.17522629999999,-33.2522434,51.998512299999994,-0.11958510300000001,38.99787620000001,1.94989381
-48.94353710000001,-26.6608822,-38.2092162,-4.13605269,270.94717099999997,13.5473586
4.22185548,-67.4219593,53.605705900000004,4.32296263,-121.55633799999998,-6.07781692
-32.6489208,-88.600646,-51.3389533,-3.1873949,-169.897781,-8.49488904
31.237786800000002,-82.17387579999999,-20.6254572,3.82685212,-257.66470499999997,-12.8832353
-21.030495499999997,-42.4329327,77.8944698,-3.98967577,442.36229299999997,22.118114600000002
-79.8651658,-85.7578684,87.0323697,3.94518521,151.69521,7.58476048
-7.6174785,-60.1150846,45.217653000000006,0.885338703,-310.59323,-15.5296615
11.271757199999998,-1.17491416,21.5443263,0.508846299,573.697984,28.684899199999997
-39.535027,-19.5655378,-79.98737790000001,-1.38676922,168.60093600000002,8.4300468
26.152047699999997,-83.1843535,-29.064328000000003,-4.46727242,-324.181623,-16.2090812
4.85914365,-36.681078,-46.84692570000001,-2.79823423,217.602186,10.8801093
-38.2223502,-80.5766936,6.16762839,-1.13547156,198.98809,9.94940451
-7.38072468,-55.947228599999995,31.857809000000003,-1.84911633,-438.33843099999996,-21.916921600000002
-73.48231120000001,-21.7703273,-50.40793729999999,-2.95682196,-573.008048,-28.650402399999997
52.208888200000004,-30.4743856,29.3180772,-1.83823296,-285.360661,-14.268032999999999
-73.0157454,-1.3878061,-68.51586879999999,-2.53013753,-460.181808,-23.009090399999998
-13.773485800000001,-74.0765565,63.6690149,-2.37345547,-516.818115,-25.8409057
71.8550023,-87.4491053,-59.774238600000004,3.13404127,423.516597,21.1758299
-6.60376042,-36.090395,20.6029512,-3.98010551,-383.60319300000003,-19.180159600000003
-42.7542583,-3.07950361,24.5836461,3.0061214,-561.0977230000001,-28.054886100000004
-86.94668359999999,-29.157867200000002,48.4868684,0.56033189,280.711508,14.0355754
31.403410700000002,-25.9111007,8.25590358,-1.46206168,43.82018729999999,2.19100936
26.052626899999996,-48.62486320000001,-16.6396617,3.86193962,-268.764404,-13.438220199999998
46.3063849,-70.37473790000001,-51.75378370000001,3.75738054,-157.850216,-7.89251081
90.98150079999999,-93.7419562,22.956441899999998,3.49133313,-584.536433,-29.226821700000002
-26.134474100000002,-99.51134420000001,59.734824100000004,4.62243632,467.047301,23.3523651
-86.11941759999999,-31.7718734,47.2842684,-2.58262574,439.224722,21.9612361
73.5047718,-0.81566964,47.3988902,4.50683307,-294.90367799999996,-14.7451839
-41.0671965,-97.789666,36.243902899999995,2.96286693,83.376716,4.1688358
10.6749495,-90.40769279999999,57.23167660000001,4.04836028,-408.882218,-20.4441109
56.4314569,-13.429647899999999,-56.2000058,1.08705398,113.237299,5.66186497
-85.96468349999999,-3.71228555,-54.558670299999996,-1.10518109,-202.679903,-10.1339951
26.671632000000002,-50.731976200000005,-51.9080645,1.47263555,190.335185,9.51675924
-91.77742070000001,-43.237646999999996,47.9136118,-0.0617102208,436.361062,21.8180531
-95.1539109,-18.0478617,74.51672459999999,-1.46549405,81.14797659999999,4.05739883
44.348244,-16.3712711,-48.4443164,-2.6612411,576.577529,28.8288765
77.1574658,-43.2961775,-27.5300001,2.2086847,350.197923,17.509896100000002
87.43757509999999,-98.1515939,35.808108700000005,-3.30425021,-416.887654,-20.8443827
84.94312459999999,-17.3111031,-86.9609365,-1.81402517,399.63268,19.981634
51.263487899999994,-21.230262,10.5306593,-3.89449461,-369.764083,-18.488204100000004
-24.5166704,-43.7757248,19.118279,-0.394428956,166.783881,8.33919407
66.837027,-67.4442735,-8.98469909,0.100377762,202.800095,10.140004800000002
37.329108700000006,-8.77245581,-84.5264427,0.7064122740000001,326.50536,16.325267999999998
11.0400296,-48.2595594,88.05064200000001,2.65258964,-144.2187,-7.21093502
-82.7677922,-83.52246,-82.61609659999999,-1.41760152,-70.0974176,-3.50487088
10.9535787,-33.091051300000004,-81.4256642,1.75327354,-20.3280077,-1.01640038
35.8812709,-67.29538769999999,-69.4793768,-3.18966507,129.726788,6.48633939
-14.4982884,-91.85491209999999,-34.28034470000001,4.5308365,-388.80523,-19.4402615
-67.41828120000001,-41.149438700000005,37.746601500000004,3.93355719,-597.5693269999999,-29.8784663
38.6978426,-68.8800102,-67.807123,0.972823245,348.268803,17.413440100000003
3.83440989,-50.122992100000005,2.24363535,3.39351616,16.330202,0.8165101
60.1095519,-63.568139,-72.6854077,-1.76003929,-344.124748,-17.2062374
55.68834029999999,-29.511036400000002,34.8467146,-2.10620422,-475.860245,-23.7930122
85.60650550000001,-61.705638199999996,-40.48832720000001,-0.668253501,-411.19600099999997,-20.5598
45.2435128,-34.4838796,-6.81299567,2.77831781,-110.982024,-5.54910119
-80.92372440000001,-34.310244399999995,25.766569399999998,-1.79089214,-110.691574,-5.53457868
-10.140075300000001,-92.88635909999999,-83.2589438,2.61766321,-536.768775,-26.838438699999998
95.3215493,-86.0174365,71.0414825,-1.16744782,530.17818,26.508909000000003
93.7888282,-18.257790600000003,83.87900040000001,3.93199521,-420.033979,-21.001699
29.054018,-11.7274502,-54.97486310000001,-4.00331539,-138.751145,-6.93755723
-81.4505827,-70.85628390000001,-62.291282900000006,-2.49329114,-226.729729,-11.336486500000001
54.4076055,-61.31808149999999,-50.797978,-2.33123113,-397.758668,-19.887933399999998
-19.205786899999996,-19.1872145,9.85440299,2.47165205,475.977775,23.7988888
-44.05837639999999,-11.8080189,70.07032509999999,2.72469425,-212.73068199999997,-10.6365341
-54.7105084,-56.94222560000001,-32.7103584,2.8223551,280.79558,14.039779000000001
-71.0387756,-49.4472097,-8.70338985,-1.56351032,-106.91498100000001,-5.34574905
-81.4410929,-76.7047277,-8.61972714,3.78344483,-120.24738500000001,-6.01236926
40.544082200000005,-43.0293673,15.975996100000001,-1.13647855,6.62664877,0.331332438
36.2424208,-5.57653037,38.396555299999996,-0.36997408200000004,-396.832969,-19.841648499999998
-8.47204982,-63.741628399999996,38.428560299999994,-3.44729541,29.694588300000003,1.48472941
6.46906943,-90.82092790000002,-44.095094200000005,-3.83759326,169.443196,8.4721598
-40.3305432,-18.2524376,-69.3087397,-3.17007752,-580.563019,-29.028151
-19.4007549,-8.546637,-70.4545604,-2.73568543,404.221867,20.2110933
-69.5064934,-22.591117800000003,-69.1351995,1.11426965,364.154625,18.2077313
58.040868999999994,-33.5882945,-26.7762103,0.833919512,237.341796,11.8670898
-60.2879933,-24.3910165,40.889537100000005,0.525946806,-45.7346621,-2.2867331
-1.10545952,-81.83658879999999,-21.2665577,1.3855073,-500.86485899999997,-25.0432429
-39.347268799999995,-58.51331170000001,36.8547152,-0.366980346,384.86041,19.2430205
-70.4111515,-34.1465156,-25.4675082,-4.01480526,-368.37597900000003,-18.4187989
92.8028309,-73.30222049999999,-87.36242779999999,4.34371763,-65.5743262,-3.27871631
47.3805907,-57.2602975,-60.282872700000006,3.41873629,-584.450605,-29.222530199999998
3.74964979,-22.705899300000002,65.713797,-0.128041775,-229.509844,-11.4754922
79.6561273,-19.5936093,10.4306598,-1.88183001,450.42118,22.521059
41.400108,-58.520390899999995,-83.77131800000001,2.01544936,402.31127799999996,20.115563899999998
-21.0360664,-17.4279554,-59.893963799999995,3.40178994,-200.285919,-10.014296
28.4384294,-68.2626182,-59.3208115,2.45134516,456.846398,22.8423199
-39.1332249,-18.4879464,-72.62203609999999,-3.53779937,-24.3758332,-1.21879166
-83.032178,-88.4509,46.066902500000005,2.66060463,72.9800733,3.64900367
77.08244609999998,-28.960897600000003,-46.1910042,-2.34503116,139.09038700000002,6.95451933
-81.2050712,-20.223483399999996,47.302017299999996,2.88832837,194.278818,9.7139409
90.24335390000002,-75.5949655,6.98901829,-3.84894247,139.959882,6.9979941
23.6360546,-10.3028284,80.6098931,0.65560533,222.168,11.1084
52.1147875,-35.859854,88.28572170000001,-0.771316624,12.1836325,0.609181623
24.144865799999998,-0.11445896,-81.7684806,2.0044441,256.753013,12.8376507
15.8464013,-20.758213100000003,87.0764405,0.333795389,18.2494794,0.912473968
-43.8293761,-22.268689399999996,-32.7061953,-1.99353044,127.038953,6.35194765
-80.0470696,-90.12087700000001,-8.41720197,1.73338172,560.043156,28.0021578
44.3131341,-79.10383990000001,39.00115460000001,-4.93667723,386.540882,19.327044100000002
68.2877915,-55.5727088,78.0273628,4.90405519,-218.699185,-10.9349592
64.2500169,-53.910738,9.06386301,1.20737196,105.236126,5.26180632
8.7129042,-48.10958529999999,-68.8276138,-1.45978052,-443.75799400000005,-22.1878997
-27.119442,-96.1426063,4.39374194,-3.50160638,-294.77489199999997,-14.7387446
0.187019772,-14.4098359,11.268219199999999,-2.83312072,363.637078,18.1818539
-33.9204347,-2.8649875,-55.9941615,2.91034475,201.415072,10.0707536
-53.890638100000004,-72.5494895,-34.0769662,-1.1328687,-583.648377,-29.1824188
20.9856188,-22.688649800000004,82.8416051,-2.31943785,73.89524370000001,3.69476218
-90.5316844,-91.8354857,79.0785551,4.38367655,-54.5268743,-2.72634372
47.3098744,-87.01460340000001,-50.8855698,4.42679397,485.939064,24.2969532
-2.45356054,-56.3609993,55.020262699999996,-0.35753175200000004,-261.409379,-13.0704689
97.15523420000001,-25.591979300000002,-41.7687126,1.745574,-521.958775,-26.0979388
95.6954844,-16.5043229,55.629576799999995,-4.26343195,-28.0897376,-1.40448688
-71.5391117,-13.291726,-15.6810959,-4.42567306,580.454302,29.022715100000003
85.7912931,-49.1913912,22.2005044,2.44729539,506.81949699999996,25.3409749
-96.83475109999999,-85.5683056,8.63300735,-0.352750377,73.4355058,3.67177529
45.5462533,-35.9924222,2.64037262,3.25166475,182.789632,9.13948162
46.7517304,-13.5015644,-86.1551824,-4.37021198,327.215517,16.3607758
-86.4102314,-20.3113695,-12.9400118,2.90571625,-472.58904800000005,-23.629452399999998
59.496715599999995,-12.200801,-86.36247929999999,4.81915431,-598.7119610000001,-29.935598100000004
-9.33962252,-91.26243690000001,-85.6388187,3.4444419,50.116547499999996,2.50582737
-57.8569408,-52.4095618,-4.31013542,-0.465349348,-591.77065,-29.5885325
47.0502276,-15.1111839,4.82695565,-2.4297086,-58.394793500000006,-2.91973967
15.478428599999999,-90.3997123,81.95024559999999,-2.68609686,-365.205538,-18.260276899999997
57.891882499999994,-71.3365974,49.3169646,-0.0189645136,344.571755,17.2285877
-83.4509077,-19.1986629,-61.11051020000001,4.91781953,142.275149,7.11375745
-24.844314100000002,-70.04405870000001,21.881781399999998,2.04293142,-581.3748509999999,-29.068742600000004
-59.808341500000004,-13.0413149,44.535145899999996,-2.18996778,469.024758,23.4512379
29.1461832,-78.73880279999999,-62.4111255,-1.36370254,314.04382999999996,15.702191500000001
-75.22493709999999,-99.0644592,15.362403899999999,1.72201689,488.442049,24.4221025
1.50456316,-9.28172016,77.3833299,0.9892487,310.282319,15.514115900000002
-78.88627890000001,-96.40892029999999,-5.43613923,3.7743555,-143.124075,-7.15620374
-94.1790708,-73.8433565,51.010563899999994,-0.0770658643,-202.667057,-10.1333528
-89.86477579999999,-98.1577757,22.027434799999998,-1.75161751,4.8941324,0.24470662
-63.455680900000004,-19.531485500000002,-82.0497478,3.51206557,77.4823128,3.87411564
1.93290417,-94.5507887,-75.8574239,1.10384611,320.636828,16.031841399999998
29.5223157,-92.0955612,-5.19208249,-4.73859944,335.841335,16.7920668
1.9173696,-53.1076512,-13.352842,2.24977153,-19.0825382,-0.9541269090000001
19.8369745,-1.1125268,88.2417269,3.07625257,362.65587,18.1327935
-32.7165307,-11.432062400000001,8.36131115,3.26475035,-34.7854156,-1.73927078
44.6997143,-53.5133806,79.6796148,-4.67209976,-356.689325,-17.8344663
-76.3866969,-61.6153828,-70.40612359999999,1.8755536,95.53787129999999,4.77689357
3.96781515,-4.05849459,-59.76759129999999,0.17442906600000002,199.80031100000002,9.99001557
99.0336006,-72.5568447,-23.3097629,-2.37100389,212.118346,10.605917300000002
-37.3302974,-69.8254037,33.291363800000006,2.01150546,531.013492,26.550674600000004
1.16020514,-54.0408431,86.3277622,-4.26239134,324.17824,16.208911999999998
63.9562228,-74.0631751,-80.65542359999999,4.32002548,284.885179,14.2442589
-40.2594728,-35.9974068,-73.671924,0.793333156,439.514729,21.9757364
41.7191531,-16.8840088,-75.4100197,-1.68758806,589.137984,29.456899199999995
73.8998046,-54.95842579999999,32.1708276,3.24464515,4.71311833,0.235655917
31.2952598,-10.1327939,75.04811670000001,4.55908931,154.90266100000002,7.74513306
72.4381177,-2.8519109,-77.31347029999999,-4.4383826,351.132385,17.556619199999997
85.3196259,-30.730343599999998,16.6440111,3.66099358,-61.620953899999996,-3.08104769
87.74670959999999,-21.1785734,-48.96603629999999,1.45432681,29.228529100000003,1.46142645
33.1437369,-26.2008088,85.4288061,0.0784636614,-394.232134,-19.711606699999997
19.545641500000002,-70.37580329999999,-17.6079102,4.33490731,-443.20109800000006,-22.1600549
-19.0946786,-64.8068676,2.77990157,4.48093296,-337.462651,-16.8731326
-73.1946126,-47.792481,1.82557359,0.6751280620000001,-473.42339699999997,-23.6711698
-39.60890429999999,-82.6927904,16.835860500000003,4.69331433,-430.28897699999993,-21.514448899999998
-7.93457735,-3.32046522,-23.8065329,-2.24814,-51.6380386,-2.58190193
0.6551402820000001,-40.2431162,-69.79259259999999,3.98602691,345.759655,17.2879827
52.587238899999996,-52.4658941,19.5740193,-3.46770203,-262.723229,-13.1361614
88.8551631,-28.420576099999998,4.93818766,1.70743812,-330.255923,-16.5127962
29.969138,-74.5068715,1.30551269,1.64152302,490.649679,24.532484
89.27403309999998,-62.1561081,-64.68350799999999,1.08212167,-591.2053860000001,-29.5602693
-7.25678969,-60.6562787,-31.907773300000002,-0.8218180140000001,106.487201,5.32436007
-45.7656161,-20.2407272,1.7652143,3.91853251,50.541444399999996,2.52707222
-86.12238570000001,-46.7581429,44.203697399999996,-2.45562475,184.228777,9.21143886
-62.523155200000005,-32.6097765,40.6988868,4.27564748,-223.87802799999997,-11.193901400000001
-30.1924893,-91.5347912,38.33656989999999,-3.35310537,-322.60941,-16.130470499999998
82.8607853,-12.352179800000002,-14.548820999999998,2.81475112,-100.723403,-5.03617013
-97.2473693,-59.87909870000001,14.3273983,2.06243326,-241.441455,-12.0720727
97.50597950000001,-57.257439299999994,-44.0695299,-0.53300297,206.923669,10.346183400000001
-65.1953432,-81.168462,19.8795486,-0.81989438,525.9089759999999,26.295448800000003
-19.4089194,-7.56734322,22.1475307,-4.54895379,-188.222768,-9.41113838
-20.1479535,-30.223488,72.4920882,-2.32264875,75.55508640000001,3.77775432
57.131479299999995,-98.9514372,19.2019038,0.303419732,-457.33373099999994,-22.8666865
1.1767632,-48.757251600000004,89.1540597,3.52081571,-397.174487,-19.858724399999996
12.475344699999999,-57.0866115,75.33322700000001,2.70848865,-265.32549900000004,-13.266275
40.2475654,-84.5247502,-89.3009022,-2.23505138,68.1775892,3.40887946
-42.9252597,-44.2071251,77.8793137,2.58606411,-17.293006899999998,-0.8646503459999999
97.3273574,-58.6940215,-46.724393799999994,-3.91223289,542.667872,27.133393599999998
-55.13640989999999,-65.29332339999999,87.145803,0.6105617870000001,-321.69498799999997,-16.0847494
0.19081725300000002,-7.15917776,37.0364536,2.13337762,-25.6099281,-1.2804964
-14.0162009,-5.19765463,41.185606299999996,2.92250981,31.8268808,1.59134404
3.20048842,-10.3362263,71.0799021,-2.90761637,351.264952,17.563247600000004
-90.62837009999998,-99.79668840000001,-10.8021858,2.30129937,-368.390818,-18.419540899999998
92.9306156,-87.16123329999999,86.98388179999999,-3.05036963,491.52053499999994,24.5760267
-86.8466093,-19.676616199999998,50.9039311,-1.8815734,506.635671,25.3317836
2.00382654,-89.8612037,9.82620806,2.13615956,-584.080361,-29.204018100000003
41.0784037,-12.0590067,-54.2846983,-2.96834395,321.05956000000003,16.052978
24.981015,-15.864835500000002,5.54118669,0.503934936,536.8111660000001,26.840558299999998
-54.501192599999996,-38.3671626,-72.3823885,-3.80588963,375.96663,18.7983315
26.1354284,-68.38726059999999,-10.5298934,4.44140191,508.595753,25.4297876
-69.369189,-43.0267283,-34.3436236,-0.6360133179999999,-361.20329,-18.0601645
-37.842089200000004,-22.145118399999998,51.7754809,3.342592,209.125971,10.4562985
29.8633566,-43.3577544,53.0075202,0.633486549,512.5237030000001,25.6261852
67.1154557,-80.3214627,10.2873915,1.24775792,-187.420089,-9.37100444
-96.4594297,-47.2688104,36.2702058,1.79029407,113.391525,5.66957627
-19.1197936,-43.966591799999996,-79.49421120000001,-3.32287119,138.584404,6.9292202
59.90291020000001,-63.1420569,-35.985029299999994,-1.04338795,-595.95111,-29.797555499999998
-68.08357,-71.08632109999999,-81.4325983,-4.12536199,578.415082,28.920754100000003
-37.514645,-99.4923365,73.49750909999999,-3.64061323,479.41571,23.9707855
26.2154855,-20.8317568,-38.331004799999995,2.57748091,231.308817,11.5654409
18.2040806,-96.5999647,65.3126662,-2.32831725,-72.4155881,-3.62077941
-89.1041915,-89.8223416,-19.8537587,-2.65386972,241.227496,12.061374800000001
73.8962063,-53.8610036,-10.322335800000001,-1.86176742,131.65798700000002,6.58289933
45.5974704,-41.896192299999996,-14.632316199999998,4.9203382,-240.137206,-12.0068603
-96.68871180000001,-77.47493990000001,86.20392159999999,2.68439315,427.244632,21.3622316
48.817061700000004,-12.4291964,18.301381,3.29986167,-465.513396,-23.2756698
-41.6647208,-32.2030657,-54.495971999999995,3.16970585,-250.12750699999998,-12.5063754
51.2964203,-86.9932754,13.6203116,2.64623214,-483.063927,-24.1531963
-79.2501343,-51.2129104,84.0347426,-0.6783335509999999,-123.062436,-6.15312182
-54.5141373,-50.731837899999995,31.652486600000003,-0.782169294,-200.02481699999998,-10.001240899999999
-2.41139195,-1.49836565,-86.4799902,-3.67591956,533.0816570000001,26.654082799999998
74.65378790000001,-86.85887740000001,-16.5736654,-4.10193862,406.266544,20.3133272
15.8150792,-25.8417796,20.521611399999998,-2.56539216,-289.887116,-14.494355800000003
-15.741999,-86.3484038,-42.7785209,-3.87232718,-548.52225,-27.4261125
62.6540015,-30.878594,61.4496697,2.97610664,-592.9382519999999,-29.6469126
39.0544396,-79.5913407,-37.544805600000004,-3.87886028,89.30156090000001,4.46507804
-11.7403076,-38.68698320000001,-49.8292751,2.76750783,292.682343,14.634117100000001
-5.86150692,-91.3104802,-49.331825,1.20396473,368.19694100000004,18.409847
76.2845706,-27.2065985,-39.0179451,-3.40845086,165.08477299999998,8.25423866
29.0240374,-24.0690279,59.2570529,-2.08227738,-298.474424,-14.9237212
-70.75364990000001,-79.1230213,9.4525831,-2.89130604,-426.81545800000004,-21.340772899999997
-57.5227574,-3.72645299,1.32486607,1.13065376,181.86135900000002,9.09306795
-74.8064623,-41.8497675,18.5458401,2.91947495,535.304317,26.765215899999998
7.21908513,-30.262611600000003,29.0784782,-1.88228234,379.06415499999997,18.9532078
67.9715325,-67.1164336,15.5911259,2.40944541,516.296478,25.814823899999997
-52.018563799999995,-83.1760914,76.0302415,-2.54488225,-228.070369,-11.403518400000001
-95.5336605,-91.25323420000001,-0.145390014,-4.4995582,-277.419467,-13.870973300000001
-70.3329312,-84.2592533,60.9399301,0.8983747870000001,43.741242,2.1870621
-4.8617947,-41.581286799999994,75.50173000000001,1.75920727,-404.06604500000003,-20.2033022
75.6050524,-16.283633,19.083782,2.45085482,-346.814373,-17.3407187
72.6419872,-98.3622493,63.99774420000001,4.65106941,-339.825492,-16.9912746
99.2259607,-58.9249206,-53.125316399999996,1.82222981,182.147795,9.10738977
51.4640556,-65.7044552,-3.95382464,2.24094888,-536.6685769999999,-26.8334288
77.1523067,-6.72392574,-21.383819100000004,3.83723739,-324.851664,-16.2425832
-26.262985600000004,-35.4319899,-13.652879,0.981475288,200.918554,10.045927699999998
43.1909598,-53.03318589999999,-0.459105912,-3.48761073,-226.87958799999998,-11.3439794
-42.8573429,-95.8490432,-74.0833949,-2.8968288,-232.040565,-11.6020283
57.896120700000004,-70.32047220000001,14.7753511,-2.42795665,264.815861,13.240793
-58.9158003,-18.459739600000002,-86.201394,-2.97121509,545.287812,27.264390600000002
-14.030215799999999,-75.3293464,-89.14985920000001,-2.50263211,-442.633928,-22.1316964
25.7677569,-55.1310916,9.73602449,-3.91894274,-518.067829,-25.9033915
11.8697907,-41.3818269,-69.838149,-0.8536141979999999,-449.727278,-22.4863639
-50.7312286,-44.981281700000004,35.67721829999999,1.923207,-400.615902,-20.0307951
31.304805699999996,-2.99511247,45.1924775,1.42091642,493.700958,24.6850479
-73.5359567,-51.0002857,-45.028338,3.58675993,-436.487679,-21.824383899999997
2.68187956,-23.4569692,-45.153478299999996,1.73220754,140.394505,7.01972525
-45.200174600000004,-31.817144399999997,83.5573215,-0.763911274,-277.22202400000003,-13.861101199999998
17.469305,-77.4311509,-27.400207399999996,4.98961937,-335.20316099999997,-16.760157999999997
-46.312707399999994,-72.55391440000001,-4.68905324,-1.1649218,255.48122599999996,12.774061300000001
56.854943000000006,-28.2072217,64.9760816,-2.40995171,58.7957307,2.93978654
-70.27728540000001,-81.3834947,-69.91197679999999,-1.93453534,529.618109,26.4809054
54.6584838,-7.29886733,-19.028823000000003,4.08590883,-204.162266,-10.2081133
3.98209313,-83.72296259999999,63.589163600000006,-1.50314604,245.383562,12.2691781
17.3431182,-10.016392300000001,43.081633000000004,1.44931375,532.110553,26.605527600000002
3.79585471,-3.14813355,47.2468299,0.777477515,97.91320490000001,4.89566025
-71.88636770000001,-25.9840121,-47.6170982,-3.23297569,456.18502199999995,22.809251100000004
-36.816111600000006,-23.368490100000002,46.265049100000006,1.11992319,299.533973,14.9766987
72.2558021,-1.30900588,-48.212005,-0.543605065,-144.45918899999998,-7.22295946
-13.3102478,-9.63274021,-7.04536203,0.81427046,270.673535,13.5336768
-88.1060123,-36.344694200000006,-83.6316762,4.92585428,-404.642156,-20.2321078
77.17223259999999,-53.809565299999996,4.35979777,3.92165645,547.445535,27.372276799999998
-48.803088,-37.1348321,-18.1377889,-2.88898537,-364.525403,-18.2262702
-42.4899471,-29.4038448,71.8975313,1.81079433,331.43100699999997,16.571550400000003
-55.2114934,-32.079185200000005,-59.1417076,3.04667728,135.954859,6.79774294
18.2444375,-23.3139621,-85.55067640000001,4.88581894,-405.26372299999997,-20.263186100000002
12.866117,-16.844673699999998,16.592862099999998,0.134068654,-562.735136,-28.136756800000004
73.1894772,-55.93698249999999,12.639471,2.27650735,-253.64542200000002,-12.6822711
-56.070138,-74.78201999999999,14.843127599999999,4.27904717,565.2771349999999,28.263856699999998
-39.752415299999996,-34.8769943,-28.559150199999998,-0.171301404,540.59921,27.029960499999998
17.411093,-92.1257766,10.720745800000001,-2.58839264,-326.342631,-16.3171315
80.4097572,-96.94078590000001,-18.4187391,-4.44886811,550.2313019999999,27.511565100000002
4.74913467,-74.621502,80.2241099,-4.71336847,215.82991099999998,10.7914956
33.7501094,-48.8644153,67.77072270000001,-2.21192309,-534.03695,-26.701847499999996
35.3762459,-4.4920744,87.92089909999999,1.93904647,119.80958100000001,5.99047905
90.5846371,-5.18780374,-19.5534203,1.57171197,-128.224808,-6.4112404
24.787152399999997,-53.105431599999996,75.62074140000001,-0.583598561,-341.56057799999996,-17.0780289
-8.42003899,-85.2303683,-7.64873034,4.69729347,-381.12045,-19.0560225
29.5528876,-15.5616378,29.0957132,2.97317774,-507.895171,-25.3947585
95.7733641,-19.515674800000003,3.86097094,-2.61252549,-591.0915650000001,-29.5545782
-15.710234400000001,-83.9283773,86.92221909999999,-0.471538247,346.539596,17.3269798
95.1574505,-86.6508718,71.94045190000001,-3.25716427,-578.654844,-28.932742200000003
3.72147625,-70.6826708,23.436792,4.78146093,453.529759,22.676487899999998
8.57910751,-80.78418620000001,-27.571330300000003,3.98888036,-176.949878,-8.8474939
-24.1749299,-25.875411800000002,-34.9489136,0.72538439,266.567721,13.328386100000001
69.8339426,-20.3544943,72.2230198,3.88945483,562.1410070000001,28.107050399999995
9.11601876,-60.645916799999995,-70.8127085,-0.645263209,-413.19842,-20.659921
63.02998589999999,-18.9964837,-36.662633500000005,-0.96916488,-404.45335,-20.2226675
-2.85018255,-48.90529620000001,63.28032629999999,4.04286504,-223.923158,-11.1961579
-76.7612046,-79.3948488,41.2944431,0.195201042,-564.742142,-28.2371071
-71.3136064,-28.1407092,25.700694,-4.38280097,-170.84986,-8.54249298
56.93711510000001,-85.75844959999999,-41.72620560000001,3.95669496,-567.371522,-28.3685761
-46.2128857,-52.7115448,41.0633745,4.66563443,352.40042200000005,17.620021100000002
11.351135099999999,-65.5739557,70.59689759999999,4.53604889,599.076905,29.953845299999998
-72.8587814,-42.604073799999995,1.78724443,3.18569617,-467.713771,-23.3856885
-15.092240499999999,-1.36189929,9.55615121,-3.8051383,147.12139,7.35606952
-88.47345909999999,-23.9011082,68.55604559999999,-0.33753217700000004,-440.913786,-22.0456893
59.3632673,-24.911348800000003,64.1267703,2.33019908,-227.96425299999999,-11.3982127
11.902134,-69.2117205,17.917673899999997,4.34244687,-438.254775,-21.9127387
54.2719219,-60.884124899999996,-3.19561639,4.3050893,-332.008425,-16.6004212
99.00284659999998,-70.71920390000001,-87.83839909999999,1.09174885,-124.143854,-6.2071927
-82.0877675,-84.5574629,-39.8179541,3.0175106,-437.82780599999995,-21.8913903
44.2658472,-68.2840017,13.3433049,-4.34320684,-310.729573,-15.536478599999999
99.4650537,-45.345113299999994,59.0256051,3.28538741,513.01938,25.650969
-78.382289,-85.0000635,36.823398499999996,0.43048897,-130.678951,-6.53394756
-8.64844173,-43.41639779999999,-28.4654843,3.45059457,13.5153282,0.675766408
-73.3896427,-86.32999699999999,-17.6352553,-0.639310801,-488.52466100000004,-24.426233
40.7677131,-38.9616491,7.00270073,1.15298961,-573.961303,-28.6980651
-38.745555700000004,-54.8959623,-55.845983600000004,1.70983737,-408.558208,-20.4279104
-87.1359822,-77.25068329999999,-11.755554,1.56054639,413.419133,20.670956600000004
-65.2451658,-76.16522459999999,-16.4369997,4.75874177,454.984179,22.7492089
-61.499700100000005,-12.2047551,-52.985430900000004,-1.33149985,-375.612569,-18.780628399999998
34.070364399999995,-44.7965934,-37.1890822,0.5025835329999999,589.565903,29.4782951
-22.5872831,-6.7396869,-43.8978491,-0.903653585,254.43580899999998,12.7217905
-85.9463684,-35.6603006,-33.7300597,3.99644489,445.63754000000006,22.281876999999998
36.2097106,-40.2330993,8.76181618,3.6196846,-24.4425783,-1.22212891
71.23064659999999,-97.0638634,59.5472017,2.33504311,-4.79408813,-0.23970440699999998
-80.5804491,-89.08210940000001,-36.4502099,4.39432328,-254.961763,-12.748088099999999
-21.6276077,-95.0095444,67.8895267,1.10629441,-526.870259,-26.343512899999997
-24.8094046,-85.24163399999999,45.8793432,-3.05241581,-285.038755,-14.251937699999997
3.10359883,-2.77916524,-31.457341600000003,-3.12343441,-376.48677999999995,-18.824339000000002
78.85327209999998,-78.5630404,-43.53898710000001,4.96364002,500.50774400000006,25.0253872
28.3642088,-65.6068362,42.1432595,-0.755046625,-452.065567,-22.6032783
-59.3448019,-80.59030390000001,-11.2600707,-1.69123812,-583.86554,-29.193277000000002
-86.22365440000002,-88.2180239,-33.7577929,-4.27201596,-156.371138,-7.81855689
60.028985600000006,-72.4004604,72.65812109999999,-4.64792761,238.36933,11.9184665
-15.3881951,-84.14030179999999,35.1136493,4.80884961,467.21665599999994,23.3608328
78.4633558,-37.1097752,46.2229557,-1.91897679,112.52462299999999,5.62623115
98.3815125,-4.70896886,-42.004171299999996,-4.50506403,-411.970924,-20.5985462
-19.8247434,-35.3914915,20.0201232,3.84730045,-219.972698,-10.9986349
-31.8622557,-86.1627135,-58.989049800000004,1.54981324,-319.925417,-15.9962709
-36.6518319,-9.58789723,-62.661868299999995,-1.99764539,-589.8935240000001,-29.494676199999997
-27.142464299999997,-96.41217979999999,33.109619099999996,-1.3367363,-123.71545,-6.18577249
23.1464766,-99.4490052,-50.768626899999994,-3.10582629,179.841757,8.99208784
19.490389399999998,-31.9935419,47.463195299999995,-3.1794261,-497.999273,-24.899963600000003
37.04766970000001,-14.777340099999998,-77.9496041,-2.52608088,322.57140400000003,16.1285702
94.7641014,-28.362571600000003,-46.7672893,2.63619709,563.642046,28.1821023
-43.934621899999996,-54.8677669,-26.2412585,4.97238138,257.75667799999997,12.8878339
-65.20637289999999,-62.649359,19.3787811,2.26803219,338.35421,16.917710500000002
84.3817894,-39.9639121,-15.6820133,-1.88569689,-314.921902,-15.7460951
-47.9511185,-41.2144365,20.902123899999996,4.77793513,-365.123083,-18.256154199999997
-24.9876805,-78.70179909999999,-12.271123800000002,2.1859812,-284.143302,-14.2071651
28.9484483,-64.23505779999999,-15.1382471,4.36484366,256.542078,12.827103900000001
-36.706326399999995,-23.3413372,38.845543799999994,0.307740547,573.119687,28.655984399999998
-61.516787300000004,-1.5446354,67.7684055,2.08806783,164.54632900000001,8.22731645
-53.36542360000001,-10.930436199999999,-42.7955475,-0.985346539,55.1089861,2.75544931
-56.031361,-41.5568574,-84.5214832,1.92005908,417.668669,20.8834335
-84.1123173,-42.6974534,25.7979706,1.83955832,362.51718999999997,18.1258595
-75.22520909999999,-31.6474072,58.41999379999999,0.22375782,201.967692,10.0983846
7.51689509,-4.08531974,50.1526748,-2.38710109,205.17916100000002,10.258958
37.772518,-82.93812679999999,-4.45357379,-1.50838289,384.772419,19.238620899999997
44.0238501,-48.1556477,61.7900932,-4.18091975,564.56685,28.2283425
87.76035,-52.701141799999995,-46.332033700000004,-4.90680434,-15.690005300000001,-0.7845002670000001
-98.3552537,-88.8825099,-23.405748100000004,-1.78322794,380.962243,19.0481121
16.336420699999998,-24.886654800000002,83.63631290000001,0.58890635,169.885401,8.49427007
11.2693655,-87.3173688,-5.56972872,0.905117898,-232.380769,-11.6190384
37.8754897,-87.35125550000001,5.92725281,0.0333931814,193.118559,9.65592793
52.1905473,-40.186503,-80.2731579,-1.57674486,-170.37946399999998,-8.5189732
64.85838960000001,-2.79842004,22.010454,3.43575847,525.839316,26.2919658
5.53855685,-0.994382965,29.731999100000003,2.63165126,-14.799630300000002,-0.739981514
-31.697181899999997,-23.4925223,46.714784,0.186997545,-490.811571,-24.5405785
-86.3424562,-26.7388727,31.5917288,1.30110543,208.60093999999998,10.430047
-47.1917834,-23.9419294,-31.114754700000002,3.35440545,17.856382800000002,0.8928191390000001
98.8336511,-31.588796999999996,87.17958,-3.02792944,-334.104784,-16.705239199999998
-22.9108634,-86.40249,2.20817877,-4.62423078,270.01124500000003,13.500562300000002
57.250083700000005,-46.2617076,57.1275676,-2.57433667,-518.104067,-25.9052033
73.9221456,-16.5747269,-18.984733300000002,-4.77401308,556.949122,27.8474561
-82.9608987,-77.10108120000001,-3.26326963,-4.6231178,-350.812094,-17.5406047
-3.25824787,-14.2409805,40.116549299999996,-2.22591049,-406.65812900000003,-20.3329065
68.9102127,-50.0281985,14.261762,-4.42692959,165.86565900000002,8.29328296
-6.83209497,-21.1321003,-49.9552506,-1.25195994,-599.726193,-29.986309600000002
19.847252899999997,-48.7606508,-49.3335376,0.0950967684,-197.240468,-9.8620234
-58.369003799999994,-26.52566,-26.0317072,-0.141596694,-269.880214,-13.494010699999999
3.41142693,-69.072849,25.573016100000004,1.62331081,-546.566976,-27.3283488
-68.3984713,-42.7100401,25.7437625,-0.327585219,-487.324203,-24.366210100000004
48.875620899999994,-97.17935990000001,-80.6143877,-1.67447394,-108.00312,-5.40015601
-2.18459896,-66.0593767,88.6533847,3.46765094,380.270783,19.0135392
29.9288114,-66.6764348,-20.186669199999997,3.66326372,444.620486,22.2310243
-91.6489326,-42.4731629,-36.1705356,2.42690379,-572.933855,-28.6466928
-33.0368035,-37.5419978,-45.4408488,-0.37445821,272.61238,13.630619
-13.328760500000001,-12.129655900000001,-80.9334613,-3.48245768,417.611338,20.880566899999998
-80.28183359999998,-2.77414314,9.75894134,0.419996255,274.320229,13.716011499999999
36.1845766,-37.656490999999995,25.040639300000002,-4.36603781,546.1183599999999,27.305918
-94.5753486,-23.6502323,-51.6845369,2.41199401,187.62133300000002,9.38106664
-35.8303763,-93.00239140000001,-49.2410251,4.71861172,290.76616,14.538307999999999
-89.50399559999998,-39.6919615,-78.03322109999999,2.33265554,-186.040783,-9.30203917
-26.0884906,-98.80797290000001,8.45002321,0.905130126,460.82634,23.041317000000003
-23.2248121,-79.76379969999999,-26.9175378,0.469309221,-183.307096,-9.16535481
-32.824471100000004,-53.062799899999995,-79.31602629999999,4.901177,-528.627983,-26.431399199999998
78.1379668,-3.38541082,26.460146299999998,-1.09563796,262.097509,13.1048755
-52.372532899999996,-99.9569896,85.1569373,-4.98355304,549.8571509999999,27.4928576
